{
    "if": {
        "prefix": "if",
        "body": [
            "if ${expression}:",
            "\t${pass}"
        ],
        "description": "Code snippet for an if statement"
    },
    "if/else": {
        "prefix": "if/else",
        "body": [
            "if ${condition}:",
            "\t${1:pass}",
            "else:",
            "\t${2:pass}"
        ],
        "description": "Code snippet for an if statement with else"
    },
    "elif": {
        "prefix": "elif",
        "body": [
            "elif ${expression}:",
            "\t${pass}"
        ],
        "description": "Code snippet for an elif"
    },
    "else": {
        "prefix": "else",
        "body": [
            "else:",
            "\t${pass}"
        ],
        "description": "Code snippet for an else"
    },
    "while": {
        "prefix": "while",
        "body": [
            "while ${expression}:",
            "\t${pass}"
        ],
        "description": "Code snippet for a while loop"
    },
    "while/else": {
        "prefix": "while/else",
        "body": [
            "while ${expression}:",
            "\t${1:pass}",
            "else:",
            "\t${2:pass}"
        ],
        "description": "Code snippet for a while loop with else"
    },
    "for": {
        "prefix": "for",
        "body": [
            "for ${target_list} in ${expression_list}:",
            "\t${pass}"
        ],
        "description": "Code snippet for a for loop"
    },
    "for/else": {
        "prefix": "for/else",
        "body": [
            "for ${target_list} in ${expression_list}:",
            "\t${1:pass}",
            "else:",
            "\t${2:pass}"
        ],
        "description": "Code snippet for a for loop with else"
    },
    "try/except": {
        "prefix": "try/except",
        "body": [
            "try:",
            "\t${1:pass}",
            "except ${expression} as ${identifier}:",
            "\t${2:pass}"
        ],
        "description": "Code snippet for a try/except statement"
    },
    "try/finally": {
        "prefix": "try/finally",
        "body": [
            "try:",
            "\t${1:pass}",
            "finally:",
            "\t${2:pass}"
        ],
        "description": "Code snippet for a try/finally statement"
    },
    "try/except/else": {
        "prefix": "try/except/else",
        "body": [
            "try:",
            "\t${1:pass}",
            "except ${expression} as ${identifier}:",
            "\t${2:pass}",
            "else:",
            "\t${3:pass}"
        ],
        "description": "Code snippet for a try/except/else statement"
    },
    "try/except/finally": {
        "prefix": "try/except/finally",
        "body": [
            "try:",
            "\t${1:pass}",
            "except ${expression} as ${identifier}:",
            "\t${2:pass}",
            "finally:",
            "\t${3:pass}"
        ],
        "description": "Code snippet for a try/except/finally statement"
    },
    "try/except/else/finally": {
        "prefix": "try/except/else/finally",
        "body": [
            "try:",
            "\t${1:pass}",
            "except ${expression} as ${identifier}:",
            "\t${2:pass}",
            "else:",
            "\t${3:pass}",
            "finally:",
            "\t${4:pass}"
        ],
        "description": "Code snippet for a try/except/else/finally statement"
    },
    "with": {
        "prefix": "with",
        "body": [
            "with ${expression} as ${target}:",
            "\t${pass}"
        ],
        "description": "Code snippet for a with statement"
    },
    "def": {
        "prefix": "def",
        "body": [
            "def ${funcname}(${parameter_list}):",
            "\t${pass}"
        ],
        "description": "Code snippet for a function definition"
    },
    "def(class method)": {
        "prefix": "def(class method)",
        "body": [
            "def ${funcname}(self, ${parameter_list}):",
            "\t${pass}"
        ],
        "description": "Code snippet for a class method"
    },
    "def(static class method)": {
        "prefix": "def(static class method)",
        "body": [
            "@staticmethod",
            "def ${funcname}(${parameter_list}):",
            "\t${pass}"
        ],
        "description": "Code snippet for a static class method"
    },
    "def(abstract class method)": {
        "prefix": "def(abstract class method)",
        "body": [
            "def ${funcname}(self, ${parameter_list}):",
            "\traise NotImplementedError"
        ],
        "description": "Code snippet for an abstract class method"
    },
    "class": {
        "prefix": "class",
        "body": [
            "class ${classname}(${object}):",
            "\t${pass}"
        ],
        "description": "Code snippet for a class definition"
    },
    "lambda": {
        "prefix": "lambda",
        "body": [
            "lambda ${parameter_list}: ${expression}"
        ],
        "description": "Code snippet for a lambda statement"
    },
    "if(main)": {
        "prefix": "if(main)",
        "body": [
            "def main():",
            "\t${pass}",
            "",
            "if __name__ == '__main__':",
            "\tmain()"
        ],
        "description": "Code snippet for a main function"
    },
    "async/def": {
        "prefix": "async/def",
        "body": [
            "async def ${funcname}(${parameter_list}):",
            "\t${pass}"
        ],
        "description": "Code snippet for a async statement"
    },
    "async/for": {
        "prefix": "async/for",
        "body": [
            "async for ${target} in ${iter}:",
            "\t${block}"
        ],
        "description": "Code snippet for a async for statement"
    },
    "async/for/else": {
        "prefix": "async/for/else",
        "body": [
            "async for ${target} in ${iter}:",
            "\t${1:block}",
            "else:",
            "\t${2:block}"
        ],
        "description": "Code snippet for a async for statement with else"
    },
    "async/with": {
        "prefix": "async/with",
        "body": [
            "async with ${expr} in ${var}:",
            "\t${block}"
        ],
        "description": "Code snippet for a async with statement"
    },
    "pdb": {
        "prefix": "pdb",
        "body": "import pdb; pdb.set_trace()",
        "description": "Code snippet for pdb debug"
    }
}
