{
	"python.snippet.launch.standard.label": "Python",
	"python.snippet.launch.standard.description": "Debug a Python program with standard output",
	"python.snippet.launch.pyspark.label": "PySpark",
	"python.snippet.launch.pyspark.description": "Debug PySpark",
	"python.snippet.launch.module.label": "Python Module",
	"python.snippet.launch.module.description": "Debug a Python Module",
	"python.snippet.launch.terminal.label": "Python Program with Terminal",
	"python.snippet.launch.terminal.description": "Debug a Python program with Integrated Terminal/Console",
	"python.snippet.launch.externalTerminal.label": "Python Program with External Terminal",
	"python.snippet.launch.externalTerminal.description": "Debug a Python program with External Terminal/Console",
	"python.snippet.launch.django.label": "Django Application",
	"python.snippet.launch.django.description": "Debug a Django Application",
	"python.snippet.launch.flask.label": "Django Application",
	"python.snippet.launch.flask.description": "Debug a Flask Application",
	"python.snippet.launch.flaskOld.label": "Flask (old) Application",
	"python.snippet.launch.flaskOld.description": "Debug an older styled Flask Application",
	"python.snippet.launch.watson.label": "Watson Application",
	"python.snippet.launch.watson.description": "Debug a Watson Application",
	"python.snippet.launch.attach.label": "Attach Python Debugger",
	"python.snippet.launch.attach.description": "Attach the debugger for remote debugging"
}
