{
/*
	 // Place your snippets for HTML here. Each snippet is defined under a snippet name and has a prefix, body and 
	 // description. The prefix is what is used to trigger the snippet and the body will be expanded and inserted. Possible variables are:
	 // $1, $2 for tab stops, $0 for the final cursor position, and ${1:label}, ${2:another} for placeholders. Placeholders with the 
	 // same ids are connected.
	 // Example:
	 "Print to console": {
		"prefix": "log",
		"body": [
			"console.log('$1');",
			"$2"
		],
		"description": "Log output to console"
	}
*/
	"new html": { "prefix": "new html", "body": [
"<!DOCTYPE html>"
"<html lang='en'>"
"<head>"
"	<meta charset='UTF-8'>"
"	<meta name='viewport' content='width=device-width, initial-scale=1.0, maximum-scale=1, minimum-scale=1, user-scalable=no'>"
"	<title>Hello typescript</title>"
"</head>"
"<body>"
"	<div id='root'></div>"
"	<!-- dependencies -->"
"	<script src='../node_modules/react/dist/react.js'></script>"
"	<script src='../node_modules/react-dom/dist/react-dom.js'></script>"
"	<!-- main -->"
"	<script src='../build/bundle.js'></script>"
"</body>"
"</html>"
	], "description": "new html" },
}