{
	"import rax-components": { "prefix": "import rax-components", "body": [
"import {Button, Image, index, Link, ListView, RecyclerView, RefreshControl, ScrollView, Slider, Switch, Text, TextInput, Touchable, Video, View} from 'rax-components';"
	], "description": "import rax-components" },
	"module.exports": {
		"prefix": "module.exports",
		"body": [
			"module.exports"
		],
		"description": "module.exports"
	},
	"constructor": { "prefix": "constructor", "body": ["constructor"], "description": "constructor" },
}
