{
	"import rax-components": { "prefix": "import rax-components", "body": [
"import {Button, Image, index, Link, ListView, RecyclerView, RefreshControl, ScrollView, Slider, Switch, Text, TextInput, Touchable, Video, View} from 'rax-components';"
	], "description": "import rax-components" },
	"module.exports": {
		"prefix": "module.exports",
		"body": [
			"module.exports"
		],
		"description": "module.exports"
	},
	"constructor": { "prefix": "constructor", "body": ["constructor"], "description": "constructor" },
	"ar": { "prefix": "ar", "body": ["()=>{}"], "description": "()=>{}" },
	"new es5 react": { "prefix": "new es5 react", "body": [
"const React = require('react')"
""
"const BasicView = React.createClass({"
"	getDefaultProps(){},"
"	// getInitialState(){},"
"	componentWillMount(){},"
"	render(){"
"		return("
"			<div>{this.props.childen}</div>"
"		)"
"	},"
"	componentDidMount(){},"
"	componentWillReceiveProps(nextProps){},"
"	shouldComponentUpdate(){return true},"
"	componentWillUpdate(){},"
"	componentWillUnmount(){},"
"})"
""
"module.exports = BasicView"
	], "description": "new es5 react" },
}
