{
	 // Place your snippets for JSON here. Each snippet is defined under a snippet name and has a prefix, body and 
	 // description. The prefix is what is used to trigger the snippet and the body will be expanded and inserted. Possible variables are:
	 // $1, $2 for tab stops, $0 for the final cursor position, and ${1:label}, ${2:another} for placeholders. Placeholders with the 
	 // same ids are connected.
	 // Example:
	 "Print to console": {
		"prefix": "clog",
		"body": [
			"console.log('$1');"
		],
		"description": "Log output to console"
	},
	"单行 snippet":{
		"prefix": "snip",
		"body": [
			"\"aa\": { \"prefix\": \"aa\", \"body\": [\"aa\"], \"description\": \"aa\" },"
		],
		"description": "单行 snippet"
	},
	"代码块 snippet":{
		"prefix": "snip block",
		"body": [
			"\"aa\": { \"prefix\": \"aa\", \"body\": ["
				""
			"], \"description\": \"aa\" },"
		],
		"description": "代码块 snippet"
	},
	"new tsconfig.json": { "prefix": "new tsconfig.json", "body": [
"{"
"    \"compilerOptions\": {"
"        \"outDir\": \"./build/\","
"        \"sourceMap\": true,"
"        \"noImplicitAny\": true,"
"        \"module\": \"commonjs\","
"        \"target\": \"es5\","
"        \"jsx\": \"react\","
"		 \"allowJs\": true"
"    },"
"    \"include\": ["
"        \"./**/*\""
"    ],"
"    \"exclude\": ["
"        \"node_modules\""
"    ]"
"}"
	], "description": "new tsconfig.json" },

	"new package.json script": { "prefix": "new package.json script", "body": [
"\"scripts\": {"
"    \"web\": \"webpack-dev-server -d --host=0.0.0.0 --port=7000 --hot build/\","
"    \"watch\": \"webpack --watch\""
"},"
	], "description": "new package.json script" },
}