{
	"consloe.log()": { "prefix": "log", "body": ["console.log($1)"], "description": "console.log()" },
	"rem": { "prefix": "rem", "body": ["'$1rem'"], "description": "rem" },
	"{}": { "prefix": "q", "body": ["{$1}"], "description": "{}" },
	"mmm = {...rest}": { "prefix": "mmm", "body": ["{...$1}"], "description": "{...rest}" },
	"arrow func": { "prefix": "ar", "body": ["()=>{}"], "description": "()=>{}" },
	"WebkitTransform": { "prefix": "WebkitTransform", "body": ["WebkitTransform"], "description": "css WebkitTransform" },
	"translateX": { "prefix": "translateX", "body": ["translateY"], "description": "css translateZ" },
	"translateY": { "prefix": "translateY", "body": ["translateY"], "description": "css translateY" },
	"translateZ": { "prefix": "translateZ", "body": ["translateZ"], "description": "css translateZ" },
	"boxShadow": { "prefix": "boxShadow", "body": ["boxShadow"], "description": "css boxShadow" },
	"scale": { "prefix": "scale", "body": ["scale"], "description": "css scale" },
	"scaleX": { "prefix": "scaleX", "body": ["scaleX"], "description": "css scaleX" },
	"scaleY": { "prefix": "scaleY", "body": ["scaleY"], "description": "css scaleY" },
	"relative of positon": { "prefix": "relative of positon", "body": ["relative"], "description": "对象遵循常规流，并且参照自身在常规流中的位置通过top，right，bottom，left这4个定位" },
	"static of positon": { "prefix": "static of positon", "body": ["static"], "description": "(默认)对象遵循常规流。此时4个定位偏移属性不会被应用" },
	"absolute of positon": { "prefix": "absolute of positon", "body": ["absolute"], "description": "对象脱离常规流，此时偏移属性参照的是离自身最近的定位祖先元素" },
	"fixed of positon": { "prefix": "fixed of positon", "body": ["fixed"], "description": "对象脱离常规流，与absolute一致，但偏移定位是以窗口为参考" },
	"sticky of positon": { "prefix": "sticky of positon", "body": ["sticky"], "description": "像是relative和fixed的合体，当在屏幕中时按常规流排版，当卷动到屏幕外时则表现如fixed" },
	"import kua": { "prefix": "import kua", "body": [
"import { tool, Layer, View, Text, Button } from 'react-kua'"
	], "description": "import kua" },

	"new react": { "prefix": "new react", "body": [
"import * as React from 'react'"
""
"interface IProps extends React.HTMLProps<HTMLElement> {"
"	ref?:string,"
"}"
"interface IState {}"
""
"export class Show extends React.Component<IProps, IState> {"
"	static defaultProps = {};"
"	constructor(props:IProps){"
"		super(props)"
"		this.state = {}"
"	}"
"	componentWillMount = ()=>{}"
"	render(){"
"		return ("
"			<div {...this.props}>{this.props.children}</div>"
"		)"
"	}"
"	componentDidMount = ()=>{}"
"	componentWillReceiveProps = (nextProps:IProps) =>{}"
"	shouldComponentUpdate = ()=>{ return true }"
"	componentWillUpdate = ()=>{}"
"	componentWillUnmount = ()=>{}"
"}"
	], "description": "new react组件" },

	"import motion": { "prefix": "import motion", "body": [
"import * as ReactMotion from 'react-motion'"
"const { Motion, spring, StaggeredMotion, TransitionMotion, presets } = ReactMotion"
	], "description": "import motion" },

	"new motion": { "prefix": "new motion", "body": [
"<Motion defaultStyle={{x: 0}} style={{x: spring(10)}}>"
"	{(value:any) => (<div>{value.x}</div>)}"
"</Motion>"
	], "description": "new motion" },

	"new router": { "prefix": "new router", "body": [
"import * as React from 'react'"
"import * as ReactDOM from 'react-dom'"
"import * as ReactRouter from 'react-router'"
"const { Router, Route, IndexRoute, hashHistory } = ReactRouter"
""
"class Test extends React.Component<undefined, undefined> {"
"	render(){"
"		return <div>Hello TypeScript</div>"
"	}"
"}"
""
"ReactDOM.render(("
"	<Router history={hashHistory}>"
"		<Route path='/test' component={Test}></Route>"
"	</Router>"
"), document.getElementById('root'))
	], "description": "new router" },
}