{
	"new module.exports": {
		"prefix": "new module.exports",
		"body": [
"module.exports = {"
"	init:function(){},"
"	created:function(){},"
"	ready:function(){},"
"	data:{},"
"	computed:{},"
"	methods:{},"
"	events:{}"
"}"
		],
		"description": "new module.exports"
	},

	"new weex": {
		"prefix": "new weex",
		"body": [
"<template>"
"</template>"
"<style>"
"</style>"
"<script>"
"</script>"

		],
		"description": "new weex"
	},

	"module.exports": {
		"prefix": "me",
		"body": [
			"module.exports"
		],
		"description": "module.exports"
	},

	"function": {
		"prefix": "fc",
		"body": [
			"function"
		],
		"description": "function"
	},

	"return": {
		"prefix": "re",
		"body": [
			"return"
		],
		"description": "return"
	},

	"flex-direction: row;": {
		"prefix": "flex row",
		"body": [
			"'flex-direction: row;'"
		],
		"description": "flex-direction: row;"
	},

	"flex-direction: column;": {
		"prefix": "flex column",
		"body": [
			"'flex-direction: column;'"
		],
		"description": "flex-direction: column;"
	},

	".flex-direction": {
		"prefix": "flex-direction",
		"body": [
".flexrow {flex-direction: row;}"
".flexcol {flex-direction: column;}"
		],
		"description": "flex-direction"
	},
	
	"justify-content:flex-start": {
		"prefix": "jc-start",
		"body": [
			"justify-content:flex-start"
		],
		"description": "justify-content:flex-start"
	},

	"justify-content:flex-end": {
		"prefix": "jc-end",
		"body": [
			"justify-content:flex-end"
		],
		"description": "justify-content:flex-end"
	},

	"justify-content:center": {
		"prefix": "jc-center",
		"body": [
			"justify-content:center"
		],
		"description": "justify-content:center"
	},

	"justify-content:space-between": {
		"prefix": "jc-space-between",
		"body": [
			"justify-content:space-between"
		],
		"description": "justify-content:space-between"
	},

	"justify-content:space-around": {
		"prefix": "jc-space-around",
		"body": [
			"justify-content:space-around"
		],
		"description": "justify-content:space-around"
	},

	"align-items:stretch": {
		"prefix": "ai-stretch",
		"body": [
			"align-items:stretch"
		],
		"description": "align-items:stretch"
	},

	"align-items:flex-start": {
		"prefix": "ai-flex-start",
		"body": [
			"align-items:flex-start"
		],
		"description": "align-items:flex-start"
	},

	"align-items:flex-end": {
		"prefix": "ai-flex-end",
		"body": [
			"align-items:flex-end"
		],
		"description": "align-items:stretch"
	},

	"align-items:center": {
		"prefix": "ai-center",
		"body": [
			"align-items:center"
		],
		"description": "align-items:center"
	},

	"flex": {
		"prefix": "flex",
		"body": [
			"flex"
		],
		"description": "flex"
	},

	"position: relative": {
		"prefix": "position: relative",
		"body": [
			"position: relative"
		],
		"description": "position: relative 相对定位(相对)"
	},
	
	"position: absolute": {
		"prefix": "position: absolute",
		"body": [
			"position: absolute"
		],
		"description": "position: absolute 绝对定位"
	},

	"position: fixed": {
		"prefix": "position: fixed",
		"body": [
			"position: fixed"
		],
		"description": "position: fixed 保证元素在页面窗口中的对应位置显"
	},

	"position: sticky": {
		"prefix": "position: sticky",
		"body": [
			"position: sticky"
		],
		"description": "position: sticky 滚动到页面之外时,固定在页面窗口的顶部"
	},

	"width": {"prefix": "width","body": ["width"],"description": "width: px"},
	"height": {"prefix": "height","body": ["height"],"description": "height: px"},

	"padding": {"prefix": "padding","body": ["padding"],"description": "内边距 padding: px"},
	"padding-left": {"prefix": "padding-left","body": ["padding-left: px"],"description": "内边距 padding-left: px"},
	"padding-right": {"prefix": "padding-right","body": ["padding-right: px"],"description": "内边距 padding-right: px"},
	"padding-top": {"prefix": "padding-top","body": ["padding-top: px"],"description": "内边距 padding-top: px"},
	"padding-bottom": {"prefix": "padding-bottom","body": ["padding-bottom: px"],"description": "内边距 padding-bottom: px"},

	"margin": {"prefix": "margin","body": ["margin"],"description": "外边距 margin: px"},
	"margin-left": {"prefix": "margin-left","body": ["margin-left"],"description": "外边距 margin-left: px"},
	"margin-right": {"prefix": "margin-right","body": ["margin-right"],"description": "外边距 margin-right: px"},
	"margin-top": {"prefix": "margin-top","body": ["margin-top"],"description": "外边距 margin-top: px"},
	"margin-bottom": {"prefix": "margin-bottom","body": ["margin-bottom"],"description": "外边距 margin-bottom: px"},

	"border-radius": {"prefix": "border-radius","body": ["border-radius"],"description": "中边框圆角 border-radius: length"},
	"border-bottom-left-radius": {"prefix": "border-bottom-left-radius","body": ["border"],"description": "下左框圆角 border-bottom-left-radius: length"},
	"border-bottom-right-radius": {"prefix": "border-bottom-right-radius","body": ["border"],"description": "下右框圆角 border-bottom-right-radius: length"},
	"border-top-left-radius": {"prefix": "border-top-left-radius","body": ["border"],"description": "上左框圆角 border-top-left-radius: length"},
	"border-top-right-radius": {"prefix": "border-top-right-radius","body": ["border"],"description": "上右框圆角 border-top-right-radius: length"},
	
	"border-color": {"prefix": "border-color","body": ["border"],"description": "中边框颜色 	 border-color: #000000"},
	"border-width": {"prefix": "border-width","body": ["border"],"description": "中边框 border-width: px"},
	"border-left-width": {"prefix": "border-left-width","body": ["border"],"description": "中边框 border-left-width: px"},
	"border-top-width": {"prefix": "border-top-width","body": ["border"],"description": "中边框 border-top-width: px"},
	"border-right-width": {"prefix": "border-right-width","body": ["border"],"description": "中边框 border-right-width: px"},
	"border-bottom-width": {"prefix": "border-bottom-width","body": ["border"],"description": "中边框 border-bottom-width: px"},
	"border-style:solid": {"prefix": "border-style:solid","body": ["border-style:solid"],"description": "固体风格 border-style:solid"},
	"border-style:dashed": {"prefix": "border-style:dashed","body": ["border-style:dashed"],"description": "虚线风格 border-style:dashed"},
	"border-style:dotted": {"prefix": "border-style:dotted","body": ["border-style:dotted"],"description": "点风格 border-style:dotted"},
	"width": {"prefix": "width","body": ["width"],"description": "width: px"},
	"width": {"prefix": "width","body": ["width"],"description": "width: px"},
	"width": {"prefix": "width","body": ["width"],"description": "width: px"},

	"top": {"prefix": "top","body": ["top"],"description": "top:number"},
	"bottom": {"prefix": "bottom","body": ["bottom"],"description": "bottom:number"},
	"left": {"prefix": "left","body": ["left"],"description": "left:number"},
	"right": {"prefix": "right","body": ["right"],"description": "right:number"},

	"opacity": {"prefix": "opacity","body": ["opacity"],"description": "opacity 透明度, 0~1"},
	"background-color": {"prefix": "background-color","body": ["background-color"],"description": "背景色, #000000 rgba(255, 0, 0, 0.5)(性能差很多)"},
	"color": {"prefix": "color","body": ["color"],"description": "文字颜色, #000000 rgba(255, 0, 0, 0.5)(性能差很多)"},
	"lines": {"prefix": "lines","body": ["lines"],"description": "<text>指定文本行数,认值是 0 代表不限制行数"},
	"font-size": {"prefix": "font-size","body": ["font-size"],"description": "<text>文字大小"},
	"font-style:normal": {"prefix": "font-style:normal","body": ["font-style:normal"],"description": "正体 默认为 normal"},
	"font-style:italic": {"prefix": "font-style:italic","body": ["font-style:italic"],"description": "斜体"},
	"font-weight:normal": {"prefix": "font-weight:normal","body": ["font-weight:normal"],"description": "普通字体"},
	"font-weight:bold": {"prefix": "font-weight:bold","body": ["font-weight:bold"],"description": "粗体字体"},
	"font-decoration:none": {"prefix": "font-decoration:none","body": ["font-decoration:none"],"description": "字体装饰,默认none, 无装饰"},
	"font-decoration:underline": {"prefix": "font-decoration:underline","body": ["font-decoration:underline"],"description": "字体装饰, 下划线"},
	"font-decoration:line-through": {"prefix": "font-decoration:line-through","body": ["font-decoration:line-through"],"description": "字体装饰, 删除线"},
	"text-align:left": {"prefix": "text-align:left","body": ["text-align:left"],"description": "文字左对其, 默认值为left"},
	"text-align:center": {"prefix": "text-align:center","body": ["text-align:center"],"description": "文字居中对其, 默认值为left"},
	"text-align:right": {"prefix": "text-align:right","body": ["text-align:right"],"description": "文字居中对其, 默认值为left"},
	"font-family": {"prefix": "font-family:string","body": ["font-family"],"description": "设置字体,如不可用,将会降级到平台默认字体"},
	"text-overflow:clip": {"prefix": "text-overflow:clip","body": ["text-overflow:clip"],"description": "修剪 设置内容超长时的省略样式"},
	/*
	"background-image:linear-gradient(to right, #888888,#666666);": {"prefix": "background-image:linear-gradient(to right, #888888,#666666)","body": ["background-image:linear-gradient(to right, #888888,#666666)"],"description": "从左到右 渐变 不支持ios,android"},
	"background-image:linear-gradient(to left, #888888,#666666);": {"prefix": "background-image:linear-gradient(to left, #888888,#666666)","body": ["background-image:linear-gradient(to left, #888888,#666666)"],"description": "从右到左 渐变 不支持ios,android"},
	"background-image:linear-gradient(to bottom, #888888,#666666);": {"prefix": "background-image:linear-gradient(to bottom, #888888,#666666)","body": ["background-image:linear-gradient(to bottom, #888888,#666666)"],"description": "从上到下 渐变 不支持ios,android"},
	"background-image:linear-gradient(to top, #888888,#666666);": {"prefix": "background-image:linear-gradient(to top, #888888,#666666)","body": ["background-image:linear-gradient(to top, #888888,#666666)"],"description": "从下到上 渐变 不支持ios,android"},
	"background-image:linear-gradient(to bottom right, #888888,#666666);": {"prefix": "background-image:linear-gradient(to bottom right, #888888,#666666)","body": ["background-image:linear-gradient(to bottom right, #888888,#666666)"],"description": "从左上角到右下角 渐变 不支持ios,android"},
	"background-image:linear-gradient(to top left, #888888,#666666);": {"prefix": "background-image:linear-gradient(to top left, #888888,#666666)","body": ["background-image:linear-gradient(to top left, #888888,#666666)"],"description": "从右下角到左上角 渐变 不支持ios,android"},
	*/
	"text-overflow:ellipsis": {"prefix": "text-overflow:ellipsis","body": ["text-overflow:ellipsis"],"description": "省略 设置内容超长时的省略样式"},


	"class": {
		"prefix": "class='style'",
		"body": [
			"class='${style}'"
		],
		"description": "class"
	},

	"repeat": {
		"prefix": "repeat='(index, obj) in array'",
		"body": [
			"repeat='(index, ${1:obj}) in ${2:array}'"
		],
		"description": "repeat"
	},

	"style=''": {
		"prefix": "style=''",
		"body": [
			"style='$1'"
		],
		"description": "style=''"
	},

	"track-by=''": {
		"prefix": "track-by=''",
		"body": [
			"track-by='${1:value}'"
		],
		"description": "track-by='' 追踪变化"
	},

	"append='tree'": {
		"prefix": "append='tree'",
		"body": [
			"append='tree'"
		],
		"description": "append='tree'"
	},

	"append='node'": {
		"prefix": "append='node'",
		"body": [
			"append='node'"
		],
		"description": "append='node'"
	},
	"onclick": {
		"prefix": "onclick",
		"body": [
			"onclick='$1'"
		],
		"description": "点击,<input> 和 <switch> 组件目前不支持 click 事件"
	},
	"ontouchstart": {
		"prefix": "ontouchstart",
		"body": [
			"ontouchstart='$1'"
		],
		"description": "触摸开始 完整信息，精准、很慢"
	},
	"ontouchmove": {
		"prefix": "ontouchmove",
		"body": [
			"ontouchmove='$1'"
		],
		"description": "触摸移动 完整信息，精准、很慢"
	},
	"ontouchend": {
		"prefix": "ontouchend",
		"body": [
			"ontouchend='$1'"
		],
		"description": "触摸结束 完整信息，精准、很慢"
	},
	"onpanstart": {
		"prefix": "onpanstart",
		"body": [
			"onpanstart='$1'"
		],
		"description": "触摸开始 抽样信息，很快，不够精准"
	},
	"onpanmove": {
		"prefix": "onpanmove",
		"body": [
			"onpanmove='$1'"
		],
		"description": "触摸移动 抽样信息，很快，不够精准"
	},
	"onpanend": {
		"prefix": "onpanend",
		"body": [
			"onpanend='$1'"
		],
		"description": "触摸结束 抽样信息，很快，不够精准"
	},

	"onlongpress": {
		"prefix": "onlongpress",
		"body": [
			"onlongpress='$1'"
		],
		"description": "长按, 将会在触摸点连续保持 500 ms以上时触发"
	},
	"onappear": {
		"prefix": "onappear",
		"body": [
			"onappear='$1'"
		],
		"description": "当'控件'出现时调用"
	},
	"ondisappear": {
		"prefix": "ondisappear",
		"body": [
			"ondisappear='$1'"
		],
		"description": "当'控件'消失时调用"
	},
	"onviewappear": {
		"prefix": "onviewappear",
		"body": [
			"onviewappear='$1'"
		],
		"description": "当'页面'出现时调用, H5不可用"
	},
	"onviewdisappear": {
		"prefix": "onviewdisappear",
		"body": [
			"onviewdisappear='$1'"
		],
		"description": "当'页面'消失时调用, H5不可用"
	},
	"content": {
		"prefix": "content",
		"body": [
			"<content>$1</content>"
		],
		"description": "作为内容节,使用时将被真正的元素替换"
	},

	"Print to console": {
		"prefix": "log",
		"body": [
			"console.log($1)"
		],
		"description": "Log output to console"
	},
	"arrow class": {
		"prefix": "ar",
		"body": [
			"($1)=>{}"
		],
		"description": "arrow class"
	},
	"字符串加密": {
		"prefix": "new crypto",
		"body": [
			"//秘密模块",
			"const crypto = require('crypto');",
			"",
			"function closeCrypto(data, key) {",
			"	const cipher = crypto.createCipher('aes192', key);",
			"	const crypted = cipher.update(data, 'utf-8', 'hex');",
			"	crypted += cipher.final('hex');",
			"	return crypted;",
			"}",
			"",
			"function openCrypto(encrypted, key) {",
			"	const decipher = crypto.createDecipher(encrypted, key);",
			"	var decrypted = decipher.update(encrypted, 'hex', 'utf-8');",
			"	return decrypted;",
			"}",
			"",
			"var data = 'hello mimi';",
			"var key = 'password';",
			"var encrypted = closeCrypto(data, key);",
			"var decrypted = openCrypto(encrypted, key);",
		],
		"description": "字符串加密"
	},

	"xml 注释": {
		"prefix": "xml zs",
		"body": [
			"{/* ${1:注释} */}"
		],
		"description": "xml 注释"
	},
	"xml <view />": {
		"prefix": "nn",
		"body": [
			"<${1:view} />"
		],
		"description": "xml <view />"
	},
	"xml <view></view>": {
		"prefix": "mm",
		"body": [
			"<${1:view}></${1:view}>"
		],
		"description": "xml <view></view>"
	},
	"export default": {
		"prefix": "ed",
		"body": [
			"export default"
		],
		"description": "export default"
	},

	"require('')": {
		"prefix": "require('')",
		"body": [
			"require('$1')"
		],
		"description": "require('')"
	},

	"script data": {
		"prefix": "script data",
		"body": [
"<script type='data'>"
"	{ y: 200 }"
"</script>"
		],
		"description": "全局数据, 覆盖每个组件的相应数据<script type='data'>"
	},

	"<element />": {
		"prefix": "element xml",
		"body": [
"<element name='$1'>"
""
"</element>"
		],
		"description": "元素,里面可以包裹<template><style>和<script>"
	},
	"<template></template>": {
		"prefix": "template xml",
		"body": [
"<template></template>"
		],
		"description": "渲染模板"
	},

	"<style></style>": {
		"prefix": "style xml",
		"body": [
"<style></style>"
		],
		"description": "css样式模板, 实现部分css样式"
	},
	"<script></script>": {
		"prefix": "script xml",
		"body": [
"<script></script>"
		],
		"description": "JavaScript 脚本位置"
	},

	"this._parent": {
		"prefix": "this._parent",
		"body": [
			"this._parent"
		],
		"description": "得到父组件"
	},
	"this.$el(id)": {
		"prefix": "this.$el(id)",
		"body": [
			"this.$el(id)"
		],
		"description": "通过id获得元素"
	},
	"this._parent": {
		"prefix": "this._parent",
		"body": [
			"this._parent"
		],
		"description": "得到父组件"
	},

	"$emit(type, detail)": {
		"prefix": "emit(type, detail)",
		"body": [
			"emit('${1:key}', ${2:参数})"
		],
		"description": "发出待监听消息 $emit(type, detail)"
	},
	"$on(type, detail)": {
		"prefix": "on(type, handler)",
		"body": [
			"on('${1:key}', ${2:方法})"
		],
		"description": "监听消息 $on(type, handler)"
	},
	"$off(type, detail)": {
		"prefix": "off(type, handler)",
		"body": [
			"off('${1:key}', ${2:方法})"
		],
		"description": "取消监听消息 $off(type, handler)"
	},
	"require('weex-components')": {
		"prefix": "require('weex-components')",
		"body": [
			"require('weex-components')"
		],
		"description": "使用之前需要在项目中 npm i weex-components"
	},
	"onchange:''": {
		"prefix": "onchange:''",
		"body": [
			"onchange:'$1'"
		],
		"description": "当value发生变化时调用"
	},
	"oninput:''": {
		"prefix": "oninput:''",
		"body": [
			"oninput:'$1'"
		],
		"description": "当输入事件激发时"
	},
	"onblur=''": {
		"prefix": "onblur=''",
		"body": [
			"onblur='$1'"
		],
		"description": "模糊事件是一个元素失去焦点时触发。"
	},
	"onfocus=''": {
		"prefix": "onfocus=''",
		"body": [
			"onfocus=''"
		],
		"description": "焦点事件是当一个元素获得焦点时触发。"
	},
	"button text": {
		"prefix": "button text",
		"body": [
"<text style='color:#000; font-size:20; flex:1; justify-content:center; text-align:center;'>test</text>"
		],
		"description": "新建一个居中的文字"
	},
	"fetchData": {
		"prefix": "fetchData",
		"body": [
"fetchData: function (url) {"
"	var self = this"
"	stream.fetch({ method: 'GET', url: url, type:'json'}, function(res) {"
"		try { var results = res.data.items || [] if (Array.isArray(results)) {"
"			for(var i = 0; i < results.length; i++) {"
"				self.items.push(results[i])"
"			}"
"		}} catch(e) {}"
"	},function(res){})"
"}		"
		],
		"description": "封装好的fetch请求方法"
	},

	"animation": {
		"prefix": "animation",
		"body": [
"animation.transition(tempEL, {"
"	styles:{"
"		width:300,"
"	},"
"	duration:2,"
"	timingFunction:'ease',"
"	'transform-origin': 'center center',"
"	delay:0,"
"}, function(){"
"	console.log('animation finished');"
"})"
		],
		"description": "animation.transition(el, options, callback)"
	},

	"require('@weex-module/animation')": {
		"prefix": "require('@weex-module/animation')",
		"body": [
			"var animation = require('@weex-module/animation')"
		],
		"description": "require('@weex-module/animation')"
	},

	"duration": {
		"prefix": "duration",
		"body": [
			"duration"
		],
		"description": "动画时长"
	},

	"this.$getConfig().deviceWidth": {
		"prefix": "this.$getConfig().deviceWidth",
		"body": [
			"this.$$getConfig().deviceWidth"
		],
		"description": "this.$getConfig().deviceWidth"
	},

	"this.$getConfig().deviceHeight": {
		"prefix": "this.$getConfig().deviceHeight",
		"body": [
			"this.$$getConfig().deviceHeight"
		],
		"description": "this.$getConfig().deviceHeight"
	},
}
