{
    "presets": [
        {
            "name": "自定",
            "group": "",
            "width": 1024,
            "height": 1024,
            "units": "pixelsUnit",
            "profile": "sRGB IEC61966-2.1",
            "resolution": 144,
            "resolutionUnits": "inchesUnit",
            "depth": 8,
            "scale": 1,
            "mode": "RGB",
            "fill": "white",
            "guides": [],
            "artboards": [],
            "lastUsedTime": 1485959271078
        },
        {
            "name": "自定",
            "group": "",
            "width": 1080,
            "height": 1920,
            "units": "pixelsUnit",
            "profile": "sRGB IEC61966-2.1",
            "resolution": 72,
            "resolutionUnits": "inchesUnit",
            "depth": 8,
            "scale": 1,
            "mode": "RGB",
            "fill": "white",
            "guides": [],
            "artboards": [],
            "lastUsedTime": 1482460779948
        },
        {
            "name": "自定",
            "group": "",
            "width": 1890,
            "height": 1575,
            "units": "pixelsUnit",
            "profile": "sRGB IEC61966-2.1",
            "resolution": 200,
            "resolutionUnits": "inchesUnit",
            "depth": 8,
            "scale": 1,
            "mode": "RGB",
            "fill": "white",
            "guides": [],
            "artboards": [],
            "lastUsedTime": 1482459613054
        },
        {
            "name": "Custom",
            "group": "",
            "width": 1024,
            "height": 1024,
            "units": "pixelsUnit",
            "profile": "sRGB IEC61966-2.1",
            "resolution": 144,
            "resolutionUnits": "inchesUnit",
            "depth": 8,
            "scale": 1,
            "mode": "RGB",
            "fill": "white",
            "guides": [],
            "artboards": [],
            "lastUsedTime": 1482059915070
        },
        {
            "name": "Default Photoshop Size",
            "group": "default",
            "width": 16.002,
            "height": 11.9973,
            "units": "centimetersUnit",
            "profile": "default",
            "resolution": 300,
            "resolutionUnits": "inchesUnit",
            "depth": 8,
            "scale": 1,
            "mode": "RGB",
            "fill": "white",
            "guides": [],
            "artboards": [],
            "lastUsedTime": 1482053761226
        }
    ]
}