<?xml version='1.0'?>
<prop.map version='4'>
<prop.list>
<prop.pair>
<key>DialogInfo</key>
<prop.list>
<prop.pair>
<key>ColorPickerDlg</key>
<string>&lt;prop.list&gt;
&lt;prop.pair&gt;
&lt;key&gt;DialogID&lt;/key&gt;
&lt;ustring&gt;ColorPickerDlg&lt;/ustring&gt;
&lt;/prop.pair&gt;
&lt;prop.pair&gt;
&lt;key&gt;Position&lt;/key&gt;
&lt;array&gt;
&lt;array.type&gt;&lt;int type=&apos;signed&apos; size=&apos;32&apos;/&gt;&lt;/array.type&gt;
&lt;int type=&apos;signed&apos; size=&apos;32&apos;&gt;166&lt;/int&gt;
&lt;int type=&apos;signed&apos; size=&apos;32&apos;&gt;285&lt;/int&gt;
&lt;int type=&apos;signed&apos; size=&apos;32&apos;&gt;0&lt;/int&gt;
&lt;int type=&apos;signed&apos; size=&apos;32&apos;&gt;0&lt;/int&gt;
&lt;/array&gt;
&lt;/prop.pair&gt;
&lt;/prop.list&gt;
</string>
</prop.pair>
<prop.pair>
<key>IllustratorUI_ColorSettingOptionsDialog</key>
<string>&lt;prop.list&gt;
&lt;prop.pair&gt;
&lt;key&gt;DialogID&lt;/key&gt;
&lt;ustring&gt;IllustratorUI_ColorSettingOptionsDialog&lt;/ustring&gt;
&lt;/prop.pair&gt;
&lt;prop.pair&gt;
&lt;key&gt;Position&lt;/key&gt;
&lt;array&gt;
&lt;array.type&gt;&lt;int type=&apos;signed&apos; size=&apos;32&apos;/&gt;&lt;/array.type&gt;
&lt;int type=&apos;signed&apos; size=&apos;32&apos;&gt;461&lt;/int&gt;
&lt;int type=&apos;signed&apos; size=&apos;32&apos;&gt;203&lt;/int&gt;
&lt;int type=&apos;signed&apos; size=&apos;32&apos;&gt;0&lt;/int&gt;
&lt;int type=&apos;signed&apos; size=&apos;32&apos;&gt;0&lt;/int&gt;
&lt;/array&gt;
&lt;/prop.pair&gt;
&lt;/prop.list&gt;
</string>
</prop.pair>
<prop.pair>
<key>IllustratorUI_IllustratorOptionsDialog</key>
<string>&lt;prop.list&gt;
&lt;prop.pair&gt;
&lt;key&gt;DialogID&lt;/key&gt;
&lt;ustring&gt;IllustratorUI_IllustratorOptionsDialog&lt;/ustring&gt;
&lt;/prop.pair&gt;
&lt;prop.pair&gt;
&lt;key&gt;Position&lt;/key&gt;
&lt;array&gt;
&lt;array.type&gt;&lt;int type=&apos;signed&apos; size=&apos;32&apos;/&gt;&lt;/array.type&gt;
&lt;int type=&apos;signed&apos; size=&apos;32&apos;&gt;527&lt;/int&gt;
&lt;int type=&apos;signed&apos; size=&apos;32&apos;&gt;151&lt;/int&gt;
&lt;int type=&apos;signed&apos; size=&apos;32&apos;&gt;0&lt;/int&gt;
&lt;int type=&apos;signed&apos; size=&apos;32&apos;&gt;0&lt;/int&gt;
&lt;/array&gt;
&lt;/prop.pair&gt;
&lt;/prop.list&gt;
</string>
</prop.pair>
<prop.pair>
<key>IllustratorUI_MissingFontsProblem</key>
<string>&lt;prop.list&gt;
&lt;prop.pair&gt;
&lt;key&gt;DialogID&lt;/key&gt;
&lt;ustring&gt;IllustratorUI_MissingFontsProblem&lt;/ustring&gt;
&lt;/prop.pair&gt;
&lt;prop.pair&gt;
&lt;key&gt;Position&lt;/key&gt;
&lt;array&gt;
&lt;array.type&gt;&lt;int type=&apos;signed&apos; size=&apos;32&apos;/&gt;&lt;/array.type&gt;
&lt;int type=&apos;signed&apos; size=&apos;32&apos;&gt;505&lt;/int&gt;
&lt;int type=&apos;signed&apos; size=&apos;32&apos;&gt;224&lt;/int&gt;
&lt;int type=&apos;signed&apos; size=&apos;32&apos;&gt;0&lt;/int&gt;
&lt;int type=&apos;signed&apos; size=&apos;32&apos;&gt;0&lt;/int&gt;
&lt;/array&gt;
&lt;/prop.pair&gt;
&lt;/prop.list&gt;
</string>
</prop.pair>
<prop.pair>
<key>IllustratorUI_NewDocumentDialog</key>
<string>&lt;prop.list&gt;
&lt;prop.pair&gt;
&lt;key&gt;DialogID&lt;/key&gt;
&lt;ustring&gt;IllustratorUI_NewDocumentDialog&lt;/ustring&gt;
&lt;/prop.pair&gt;
&lt;prop.pair&gt;
&lt;key&gt;Position&lt;/key&gt;
&lt;array&gt;
&lt;array.type&gt;&lt;int type=&apos;signed&apos; size=&apos;32&apos;/&gt;&lt;/array.type&gt;
&lt;int type=&apos;signed&apos; size=&apos;32&apos;&gt;528&lt;/int&gt;
&lt;int type=&apos;signed&apos; size=&apos;32&apos;&gt;259&lt;/int&gt;
&lt;int type=&apos;signed&apos; size=&apos;32&apos;&gt;0&lt;/int&gt;
&lt;int type=&apos;signed&apos; size=&apos;32&apos;&gt;0&lt;/int&gt;
&lt;/array&gt;
&lt;/prop.pair&gt;
&lt;/prop.list&gt;
</string>
</prop.pair>
<prop.pair>
<key>IllustratorUI_ReplaceWarningDialog</key>
<string>&lt;prop.list&gt;
&lt;prop.pair&gt;
&lt;key&gt;DialogID&lt;/key&gt;
&lt;ustring&gt;IllustratorUI_ReplaceWarningDialog&lt;/ustring&gt;
&lt;/prop.pair&gt;
&lt;prop.pair&gt;
&lt;key&gt;Position&lt;/key&gt;
&lt;array&gt;
&lt;array.type&gt;&lt;int type=&apos;signed&apos; size=&apos;32&apos;/&gt;&lt;/array.type&gt;
&lt;int type=&apos;signed&apos; size=&apos;32&apos;&gt;495&lt;/int&gt;
&lt;int type=&apos;signed&apos; size=&apos;32&apos;&gt;324&lt;/int&gt;
&lt;int type=&apos;signed&apos; size=&apos;32&apos;&gt;0&lt;/int&gt;
&lt;int type=&apos;signed&apos; size=&apos;32&apos;&gt;0&lt;/int&gt;
&lt;/array&gt;
&lt;/prop.pair&gt;
&lt;/prop.list&gt;
</string>
</prop.pair>
<prop.pair>
<key>KeyboardShortcutDlg</key>
<string>&lt;prop.list&gt;
&lt;prop.pair&gt;
&lt;key&gt;DialogID&lt;/key&gt;
&lt;ustring&gt;KeyboardShortcutDlg&lt;/ustring&gt;
&lt;/prop.pair&gt;
&lt;prop.pair&gt;
&lt;key&gt;Position&lt;/key&gt;
&lt;array&gt;
&lt;array.type&gt;&lt;int type=&apos;signed&apos; size=&apos;32&apos;/&gt;&lt;/array.type&gt;
&lt;int type=&apos;signed&apos; size=&apos;32&apos;&gt;542&lt;/int&gt;
&lt;int type=&apos;signed&apos; size=&apos;32&apos;&gt;186&lt;/int&gt;
&lt;int type=&apos;signed&apos; size=&apos;32&apos;&gt;0&lt;/int&gt;
&lt;int type=&apos;signed&apos; size=&apos;32&apos;&gt;0&lt;/int&gt;
&lt;/array&gt;
&lt;/prop.pair&gt;
&lt;/prop.list&gt;
</string>
</prop.pair>
<prop.pair>
<key>PDFFormatUI_PDFFormatUIOptionsDialog</key>
<string>&lt;prop.list&gt;
&lt;prop.pair&gt;
&lt;key&gt;DialogID&lt;/key&gt;
&lt;ustring&gt;PDFFormatUI_PDFFormatUIOptionsDialog&lt;/ustring&gt;
&lt;/prop.pair&gt;
&lt;prop.pair&gt;
&lt;key&gt;Position&lt;/key&gt;
&lt;array&gt;
&lt;array.type&gt;&lt;int type=&apos;signed&apos; size=&apos;32&apos;/&gt;&lt;/array.type&gt;
&lt;int type=&apos;signed&apos; size=&apos;32&apos;&gt;382&lt;/int&gt;
&lt;int type=&apos;signed&apos; size=&apos;32&apos;&gt;141&lt;/int&gt;
&lt;int type=&apos;signed&apos; size=&apos;32&apos;&gt;0&lt;/int&gt;
&lt;int type=&apos;signed&apos; size=&apos;32&apos;&gt;0&lt;/int&gt;
&lt;/array&gt;
&lt;/prop.pair&gt;
&lt;/prop.list&gt;
</string>
</prop.pair>
<prop.pair>
<key>PreferenceUI_PreferenceUIOptionsDialog</key>
<string>&lt;prop.list&gt;
&lt;prop.pair&gt;
&lt;key&gt;DialogID&lt;/key&gt;
&lt;ustring&gt;PreferenceUI_PreferenceUIOptionsDialog&lt;/ustring&gt;
&lt;/prop.pair&gt;
&lt;prop.pair&gt;
&lt;key&gt;Position&lt;/key&gt;
&lt;array&gt;
&lt;array.type&gt;&lt;int type=&apos;signed&apos; size=&apos;32&apos;/&gt;&lt;/array.type&gt;
&lt;int type=&apos;signed&apos; size=&apos;32&apos;&gt;458&lt;/int&gt;
&lt;int type=&apos;signed&apos; size=&apos;32&apos;&gt;201&lt;/int&gt;
&lt;int type=&apos;signed&apos; size=&apos;32&apos;&gt;0&lt;/int&gt;
&lt;int type=&apos;signed&apos; size=&apos;32&apos;&gt;0&lt;/int&gt;
&lt;/array&gt;
&lt;/prop.pair&gt;
&lt;/prop.list&gt;
</string>
</prop.pair>
<prop.pair>
<key>Rasterize_ObjectEffectsSettingsDialog</key>
<string>&lt;prop.list&gt;
&lt;prop.pair&gt;
&lt;key&gt;DialogID&lt;/key&gt;
&lt;ustring&gt;Rasterize_ObjectEffectsSettingsDialog&lt;/ustring&gt;
&lt;/prop.pair&gt;
&lt;prop.pair&gt;
&lt;key&gt;Position&lt;/key&gt;
&lt;array&gt;
&lt;array.type&gt;&lt;int type=&apos;signed&apos; size=&apos;32&apos;/&gt;&lt;/array.type&gt;
&lt;int type=&apos;signed&apos; size=&apos;32&apos;&gt;517&lt;/int&gt;
&lt;int type=&apos;signed&apos; size=&apos;32&apos;&gt;246&lt;/int&gt;
&lt;int type=&apos;signed&apos; size=&apos;32&apos;&gt;0&lt;/int&gt;
&lt;int type=&apos;signed&apos; size=&apos;32&apos;&gt;0&lt;/int&gt;
&lt;/array&gt;
&lt;/prop.pair&gt;
&lt;/prop.list&gt;
</string>
</prop.pair>
<prop.pair>
<key>ShapeTool_RectangleOptionsDialog</key>
<string>&lt;prop.list&gt;
&lt;prop.pair&gt;
&lt;key&gt;DialogID&lt;/key&gt;
&lt;ustring&gt;ShapeTool_RectangleOptionsDialog&lt;/ustring&gt;
&lt;/prop.pair&gt;
&lt;prop.pair&gt;
&lt;key&gt;Position&lt;/key&gt;
&lt;array&gt;
&lt;array.type&gt;&lt;int type=&apos;signed&apos; size=&apos;32&apos;/&gt;&lt;/array.type&gt;
&lt;int type=&apos;signed&apos; size=&apos;32&apos;&gt;625&lt;/int&gt;
&lt;int type=&apos;signed&apos; size=&apos;32&apos;&gt;347&lt;/int&gt;
&lt;int type=&apos;signed&apos; size=&apos;32&apos;&gt;0&lt;/int&gt;
&lt;int type=&apos;signed&apos; size=&apos;32&apos;&gt;0&lt;/int&gt;
&lt;/array&gt;
&lt;/prop.pair&gt;
&lt;/prop.list&gt;
</string>
</prop.pair>
<prop.pair>
<key>SmartExportDialog</key>
<string>&lt;prop.list&gt;
&lt;prop.pair&gt;
&lt;key&gt;DialogID&lt;/key&gt;
&lt;ustring&gt;SmartExportDialog&lt;/ustring&gt;
&lt;/prop.pair&gt;
&lt;prop.pair&gt;
&lt;key&gt;Position&lt;/key&gt;
&lt;array&gt;
&lt;array.type&gt;&lt;int type=&apos;signed&apos; size=&apos;32&apos;/&gt;&lt;/array.type&gt;
&lt;int type=&apos;signed&apos; size=&apos;32&apos;&gt;402&lt;/int&gt;
&lt;int type=&apos;signed&apos; size=&apos;32&apos;&gt;227&lt;/int&gt;
&lt;int type=&apos;signed&apos; size=&apos;32&apos;&gt;0&lt;/int&gt;
&lt;int type=&apos;signed&apos; size=&apos;32&apos;&gt;0&lt;/int&gt;
&lt;/array&gt;
&lt;/prop.pair&gt;
&lt;/prop.list&gt;
</string>
</prop.pair>
<prop.pair>
<key>UserInterface_GetInputNameDialog</key>
<string>&lt;prop.list&gt;
&lt;prop.pair&gt;
&lt;key&gt;DialogID&lt;/key&gt;
&lt;ustring&gt;UserInterface_GetInputNameDialog&lt;/ustring&gt;
&lt;/prop.pair&gt;
&lt;prop.pair&gt;
&lt;key&gt;Position&lt;/key&gt;
&lt;array&gt;
&lt;array.type&gt;&lt;int type=&apos;signed&apos; size=&apos;32&apos;/&gt;&lt;/array.type&gt;
&lt;int type=&apos;signed&apos; size=&apos;32&apos;&gt;541&lt;/int&gt;
&lt;int type=&apos;signed&apos; size=&apos;32&apos;&gt;354&lt;/int&gt;
&lt;int type=&apos;signed&apos; size=&apos;32&apos;&gt;0&lt;/int&gt;
&lt;int type=&apos;signed&apos; size=&apos;32&apos;&gt;0&lt;/int&gt;
&lt;/array&gt;
&lt;/prop.pair&gt;
&lt;/prop.list&gt;
</string>
</prop.pair>
<prop.pair>
<key>VectorizeToolUIWarning_VectorizeToolUIWarningDialog</key>
<string>&lt;prop.list&gt;
&lt;prop.pair&gt;
&lt;key&gt;DialogID&lt;/key&gt;
&lt;ustring&gt;VectorizeToolUIWarning_VectorizeToolUIWarningDialog&lt;/ustring&gt;
&lt;/prop.pair&gt;
&lt;prop.pair&gt;
&lt;key&gt;Position&lt;/key&gt;
&lt;array&gt;
&lt;array.type&gt;&lt;int type=&apos;signed&apos; size=&apos;32&apos;/&gt;&lt;/array.type&gt;
&lt;int type=&apos;signed&apos; size=&apos;32&apos;&gt;467&lt;/int&gt;
&lt;int type=&apos;signed&apos; size=&apos;32&apos;&gt;344&lt;/int&gt;
&lt;int type=&apos;signed&apos; size=&apos;32&apos;&gt;0&lt;/int&gt;
&lt;int type=&apos;signed&apos; size=&apos;32&apos;&gt;0&lt;/int&gt;
&lt;/array&gt;
&lt;/prop.pair&gt;
&lt;/prop.list&gt;
</string>
</prop.pair>
</prop.list>
</prop.pair>
<prop.pair>
<key>MonitorInfo</key>
<prop.list>
<prop.pair>
<key>Monitor-0</key>
<array>
<array.type><int type='signed' size='32'/></array.type>
<int type='signed' size='32'>0</int>
<int type='signed' size='32'>23</int>
<int type='signed' size='32'>1680</int>
<int type='signed' size='32'>947</int>
</array>
</prop.pair>
<prop.pair>
<key>NumMonitors</key>
<int type='unsigned' size='32'>1</int>
</prop.pair>
</prop.list>
</prop.pair>
</prop.list>
</prop.map>
