<?xml version='1.0'?>
<prop.map version='4'>
<prop.list>
<prop.pair>
<key>DialogInfo</key>
<prop.list>
<prop.pair>
<key>ColorPickerDlg</key>
<string>&lt;prop.list&gt;
&lt;prop.pair&gt;
&lt;key&gt;DialogID&lt;/key&gt;
&lt;ustring&gt;ColorPickerDlg&lt;/ustring&gt;
&lt;/prop.pair&gt;
&lt;prop.pair&gt;
&lt;key&gt;Position&lt;/key&gt;
&lt;array&gt;
&lt;array.type&gt;&lt;int type=&apos;signed&apos; size=&apos;32&apos;/&gt;&lt;/array.type&gt;
&lt;int type=&apos;signed&apos; size=&apos;32&apos;&gt;551&lt;/int&gt;
&lt;int type=&apos;signed&apos; size=&apos;32&apos;&gt;320&lt;/int&gt;
&lt;int type=&apos;signed&apos; size=&apos;32&apos;&gt;0&lt;/int&gt;
&lt;int type=&apos;signed&apos; size=&apos;32&apos;&gt;0&lt;/int&gt;
&lt;/array&gt;
&lt;/prop.pair&gt;
&lt;/prop.list&gt;
</string>
</prop.pair>
<prop.pair>
<key>IllustratorUI_ColorSettingOptionsDialog</key>
<string>&lt;prop.list&gt;
&lt;prop.pair&gt;
&lt;key&gt;DialogID&lt;/key&gt;
&lt;ustring&gt;IllustratorUI_ColorSettingOptionsDialog&lt;/ustring&gt;
&lt;/prop.pair&gt;
&lt;prop.pair&gt;
&lt;key&gt;Position&lt;/key&gt;
&lt;array&gt;
&lt;array.type&gt;&lt;int type=&apos;signed&apos; size=&apos;32&apos;/&gt;&lt;/array.type&gt;
&lt;int type=&apos;signed&apos; size=&apos;32&apos;&gt;461&lt;/int&gt;
&lt;int type=&apos;signed&apos; size=&apos;32&apos;&gt;207&lt;/int&gt;
&lt;int type=&apos;signed&apos; size=&apos;32&apos;&gt;0&lt;/int&gt;
&lt;int type=&apos;signed&apos; size=&apos;32&apos;&gt;0&lt;/int&gt;
&lt;/array&gt;
&lt;/prop.pair&gt;
&lt;/prop.list&gt;
</string>
</prop.pair>
<prop.pair>
<key>IllustratorUI_IllustratorOptionsDialog</key>
<string>&lt;prop.list&gt;
&lt;prop.pair&gt;
&lt;key&gt;DialogID&lt;/key&gt;
&lt;ustring&gt;IllustratorUI_IllustratorOptionsDialog&lt;/ustring&gt;
&lt;/prop.pair&gt;
&lt;prop.pair&gt;
&lt;key&gt;Position&lt;/key&gt;
&lt;array&gt;
&lt;array.type&gt;&lt;int type=&apos;signed&apos; size=&apos;32&apos;/&gt;&lt;/array.type&gt;
&lt;int type=&apos;signed&apos; size=&apos;32&apos;&gt;527&lt;/int&gt;
&lt;int type=&apos;signed&apos; size=&apos;32&apos;&gt;154&lt;/int&gt;
&lt;int type=&apos;signed&apos; size=&apos;32&apos;&gt;0&lt;/int&gt;
&lt;int type=&apos;signed&apos; size=&apos;32&apos;&gt;0&lt;/int&gt;
&lt;/array&gt;
&lt;/prop.pair&gt;
&lt;/prop.list&gt;
</string>
</prop.pair>
<prop.pair>
<key>IllustratorUI_MissingFontsProblem</key>
<string>&lt;prop.list&gt;
&lt;prop.pair&gt;
&lt;key&gt;DialogID&lt;/key&gt;
&lt;ustring&gt;IllustratorUI_MissingFontsProblem&lt;/ustring&gt;
&lt;/prop.pair&gt;
&lt;prop.pair&gt;
&lt;key&gt;Position&lt;/key&gt;
&lt;array&gt;
&lt;array.type&gt;&lt;int type=&apos;signed&apos; size=&apos;32&apos;/&gt;&lt;/array.type&gt;
&lt;int type=&apos;signed&apos; size=&apos;32&apos;&gt;505&lt;/int&gt;
&lt;int type=&apos;signed&apos; size=&apos;32&apos;&gt;229&lt;/int&gt;
&lt;int type=&apos;signed&apos; size=&apos;32&apos;&gt;0&lt;/int&gt;
&lt;int type=&apos;signed&apos; size=&apos;32&apos;&gt;0&lt;/int&gt;
&lt;/array&gt;
&lt;/prop.pair&gt;
&lt;/prop.list&gt;
</string>
</prop.pair>
<prop.pair>
<key>IllustratorUI_NewDocumentDialog</key>
<string>&lt;prop.list&gt;
&lt;prop.pair&gt;
&lt;key&gt;DialogID&lt;/key&gt;
&lt;ustring&gt;IllustratorUI_NewDocumentDialog&lt;/ustring&gt;
&lt;/prop.pair&gt;
&lt;prop.pair&gt;
&lt;key&gt;Position&lt;/key&gt;
&lt;array&gt;
&lt;array.type&gt;&lt;int type=&apos;signed&apos; size=&apos;32&apos;/&gt;&lt;/array.type&gt;
&lt;int type=&apos;signed&apos; size=&apos;32&apos;&gt;528&lt;/int&gt;
&lt;int type=&apos;signed&apos; size=&apos;32&apos;&gt;265&lt;/int&gt;
&lt;int type=&apos;signed&apos; size=&apos;32&apos;&gt;0&lt;/int&gt;
&lt;int type=&apos;signed&apos; size=&apos;32&apos;&gt;0&lt;/int&gt;
&lt;/array&gt;
&lt;/prop.pair&gt;
&lt;/prop.list&gt;
</string>
</prop.pair>
<prop.pair>
<key>IllustratorUI_ReplaceWarningDialog</key>
<string>&lt;prop.list&gt;
&lt;prop.pair&gt;
&lt;key&gt;DialogID&lt;/key&gt;
&lt;ustring&gt;IllustratorUI_ReplaceWarningDialog&lt;/ustring&gt;
&lt;/prop.pair&gt;
&lt;prop.pair&gt;
&lt;key&gt;Position&lt;/key&gt;
&lt;array&gt;
&lt;array.type&gt;&lt;int type=&apos;signed&apos; size=&apos;32&apos;/&gt;&lt;/array.type&gt;
&lt;int type=&apos;signed&apos; size=&apos;32&apos;&gt;495&lt;/int&gt;
&lt;int type=&apos;signed&apos; size=&apos;32&apos;&gt;331&lt;/int&gt;
&lt;int type=&apos;signed&apos; size=&apos;32&apos;&gt;0&lt;/int&gt;
&lt;int type=&apos;signed&apos; size=&apos;32&apos;&gt;0&lt;/int&gt;
&lt;/array&gt;
&lt;/prop.pair&gt;
&lt;/prop.list&gt;
</string>
</prop.pair>
<prop.pair>
<key>KeyboardShortcutDlg</key>
<string>&lt;prop.list&gt;
&lt;prop.pair&gt;
&lt;key&gt;DialogID&lt;/key&gt;
&lt;ustring&gt;KeyboardShortcutDlg&lt;/ustring&gt;
&lt;/prop.pair&gt;
&lt;prop.pair&gt;
&lt;key&gt;Position&lt;/key&gt;
&lt;array&gt;
&lt;array.type&gt;&lt;int type=&apos;signed&apos; size=&apos;32&apos;/&gt;&lt;/array.type&gt;
&lt;int type=&apos;signed&apos; size=&apos;32&apos;&gt;542&lt;/int&gt;
&lt;int type=&apos;signed&apos; size=&apos;32&apos;&gt;190&lt;/int&gt;
&lt;int type=&apos;signed&apos; size=&apos;32&apos;&gt;0&lt;/int&gt;
&lt;int type=&apos;signed&apos; size=&apos;32&apos;&gt;0&lt;/int&gt;
&lt;/array&gt;
&lt;/prop.pair&gt;
&lt;/prop.list&gt;
</string>
</prop.pair>
<prop.pair>
<key>MainDialog</key>
<string>&lt;prop.list&gt;
&lt;prop.pair&gt;
&lt;key&gt;DialogID&lt;/key&gt;
&lt;ustring&gt;MainDialog&lt;/ustring&gt;
&lt;/prop.pair&gt;
&lt;prop.pair&gt;
&lt;key&gt;Position&lt;/key&gt;
&lt;array&gt;
&lt;array.type&gt;&lt;int type=&apos;signed&apos; size=&apos;32&apos;/&gt;&lt;/array.type&gt;
&lt;int type=&apos;signed&apos; size=&apos;32&apos;&gt;20&lt;/int&gt;
&lt;int type=&apos;signed&apos; size=&apos;32&apos;&gt;37&lt;/int&gt;
&lt;int type=&apos;signed&apos; size=&apos;32&apos;&gt;0&lt;/int&gt;
&lt;int type=&apos;signed&apos; size=&apos;32&apos;&gt;0&lt;/int&gt;
&lt;/array&gt;
&lt;/prop.pair&gt;
&lt;/prop.list&gt;
</string>
</prop.pair>
<prop.pair>
<key>MultiEveDialogUI_MultiEveDialogUIOptionsDialog</key>
<string>&lt;prop.list&gt;
&lt;prop.pair&gt;
&lt;key&gt;DialogID&lt;/key&gt;
&lt;ustring&gt;MultiEveDialogUI_MultiEveDialogUIOptionsDialog&lt;/ustring&gt;
&lt;/prop.pair&gt;
&lt;prop.pair&gt;
&lt;key&gt;Position&lt;/key&gt;
&lt;array&gt;
&lt;array.type&gt;&lt;int type=&apos;signed&apos; size=&apos;32&apos;/&gt;&lt;/array.type&gt;
&lt;int type=&apos;signed&apos; size=&apos;32&apos;&gt;539&lt;/int&gt;
&lt;int type=&apos;signed&apos; size=&apos;32&apos;&gt;327&lt;/int&gt;
&lt;int type=&apos;signed&apos; size=&apos;32&apos;&gt;0&lt;/int&gt;
&lt;int type=&apos;signed&apos; size=&apos;32&apos;&gt;0&lt;/int&gt;
&lt;/array&gt;
&lt;/prop.pair&gt;
&lt;/prop.list&gt;
</string>
</prop.pair>
<prop.pair>
<key>PDFFormatUI_PDFFormatUIOptionsDialog</key>
<string>&lt;prop.list&gt;
&lt;prop.pair&gt;
&lt;key&gt;DialogID&lt;/key&gt;
&lt;ustring&gt;PDFFormatUI_PDFFormatUIOptionsDialog&lt;/ustring&gt;
&lt;/prop.pair&gt;
&lt;prop.pair&gt;
&lt;key&gt;Position&lt;/key&gt;
&lt;array&gt;
&lt;array.type&gt;&lt;int type=&apos;signed&apos; size=&apos;32&apos;/&gt;&lt;/array.type&gt;
&lt;int type=&apos;signed&apos; size=&apos;32&apos;&gt;382&lt;/int&gt;
&lt;int type=&apos;signed&apos; size=&apos;32&apos;&gt;144&lt;/int&gt;
&lt;int type=&apos;signed&apos; size=&apos;32&apos;&gt;0&lt;/int&gt;
&lt;int type=&apos;signed&apos; size=&apos;32&apos;&gt;0&lt;/int&gt;
&lt;/array&gt;
&lt;/prop.pair&gt;
&lt;/prop.list&gt;
</string>
</prop.pair>
<prop.pair>
<key>PreferenceUI_PreferenceUIOptionsDialog</key>
<string>&lt;prop.list&gt;
&lt;prop.pair&gt;
&lt;key&gt;DialogID&lt;/key&gt;
&lt;ustring&gt;PreferenceUI_PreferenceUIOptionsDialog&lt;/ustring&gt;
&lt;/prop.pair&gt;
&lt;prop.pair&gt;
&lt;key&gt;Position&lt;/key&gt;
&lt;array&gt;
&lt;array.type&gt;&lt;int type=&apos;signed&apos; size=&apos;32&apos;/&gt;&lt;/array.type&gt;
&lt;int type=&apos;signed&apos; size=&apos;32&apos;&gt;458&lt;/int&gt;
&lt;int type=&apos;signed&apos; size=&apos;32&apos;&gt;205&lt;/int&gt;
&lt;int type=&apos;signed&apos; size=&apos;32&apos;&gt;0&lt;/int&gt;
&lt;int type=&apos;signed&apos; size=&apos;32&apos;&gt;0&lt;/int&gt;
&lt;/array&gt;
&lt;/prop.pair&gt;
&lt;/prop.list&gt;
</string>
</prop.pair>
<prop.pair>
<key>Rasterize_ObjectEffectsSettingsDialog</key>
<string>&lt;prop.list&gt;
&lt;prop.pair&gt;
&lt;key&gt;DialogID&lt;/key&gt;
&lt;ustring&gt;Rasterize_ObjectEffectsSettingsDialog&lt;/ustring&gt;
&lt;/prop.pair&gt;
&lt;prop.pair&gt;
&lt;key&gt;Position&lt;/key&gt;
&lt;array&gt;
&lt;array.type&gt;&lt;int type=&apos;signed&apos; size=&apos;32&apos;/&gt;&lt;/array.type&gt;
&lt;int type=&apos;signed&apos; size=&apos;32&apos;&gt;517&lt;/int&gt;
&lt;int type=&apos;signed&apos; size=&apos;32&apos;&gt;251&lt;/int&gt;
&lt;int type=&apos;signed&apos; size=&apos;32&apos;&gt;0&lt;/int&gt;
&lt;int type=&apos;signed&apos; size=&apos;32&apos;&gt;0&lt;/int&gt;
&lt;/array&gt;
&lt;/prop.pair&gt;
&lt;/prop.list&gt;
</string>
</prop.pair>
<prop.pair>
<key>ShapeTool_RectangleOptionsDialog</key>
<string>&lt;prop.list&gt;
&lt;prop.pair&gt;
&lt;key&gt;DialogID&lt;/key&gt;
&lt;ustring&gt;ShapeTool_RectangleOptionsDialog&lt;/ustring&gt;
&lt;/prop.pair&gt;
&lt;prop.pair&gt;
&lt;key&gt;Position&lt;/key&gt;
&lt;array&gt;
&lt;array.type&gt;&lt;int type=&apos;signed&apos; size=&apos;32&apos;/&gt;&lt;/array.type&gt;
&lt;int type=&apos;signed&apos; size=&apos;32&apos;&gt;625&lt;/int&gt;
&lt;int type=&apos;signed&apos; size=&apos;32&apos;&gt;355&lt;/int&gt;
&lt;int type=&apos;signed&apos; size=&apos;32&apos;&gt;0&lt;/int&gt;
&lt;int type=&apos;signed&apos; size=&apos;32&apos;&gt;0&lt;/int&gt;
&lt;/array&gt;
&lt;/prop.pair&gt;
&lt;/prop.list&gt;
</string>
</prop.pair>
<prop.pair>
<key>SmartExportDialog</key>
<string>&lt;prop.list&gt;
&lt;prop.pair&gt;
&lt;key&gt;DialogID&lt;/key&gt;
&lt;ustring&gt;SmartExportDialog&lt;/ustring&gt;
&lt;/prop.pair&gt;
&lt;prop.pair&gt;
&lt;key&gt;Position&lt;/key&gt;
&lt;array&gt;
&lt;array.type&gt;&lt;int type=&apos;signed&apos; size=&apos;32&apos;/&gt;&lt;/array.type&gt;
&lt;int type=&apos;signed&apos; size=&apos;32&apos;&gt;266&lt;/int&gt;
&lt;int type=&apos;signed&apos; size=&apos;32&apos;&gt;239&lt;/int&gt;
&lt;int type=&apos;signed&apos; size=&apos;32&apos;&gt;0&lt;/int&gt;
&lt;int type=&apos;signed&apos; size=&apos;32&apos;&gt;0&lt;/int&gt;
&lt;/array&gt;
&lt;/prop.pair&gt;
&lt;/prop.list&gt;
</string>
</prop.pair>
<prop.pair>
<key>SmartExportFTUE_Dialog</key>
<string>&lt;prop.list&gt;
&lt;prop.pair&gt;
&lt;key&gt;DialogID&lt;/key&gt;
&lt;ustring&gt;SmartExportFTUE_Dialog&lt;/ustring&gt;
&lt;/prop.pair&gt;
&lt;prop.pair&gt;
&lt;key&gt;Position&lt;/key&gt;
&lt;array&gt;
&lt;array.type&gt;&lt;int type=&apos;signed&apos; size=&apos;32&apos;/&gt;&lt;/array.type&gt;
&lt;int type=&apos;signed&apos; size=&apos;32&apos;&gt;593&lt;/int&gt;
&lt;int type=&apos;signed&apos; size=&apos;32&apos;&gt;410&lt;/int&gt;
&lt;int type=&apos;signed&apos; size=&apos;32&apos;&gt;0&lt;/int&gt;
&lt;int type=&apos;signed&apos; size=&apos;32&apos;&gt;0&lt;/int&gt;
&lt;/array&gt;
&lt;/prop.pair&gt;
&lt;/prop.list&gt;
</string>
</prop.pair>
<prop.pair>
<key>UserInterface_GetInputNameDialog</key>
<string>&lt;prop.list&gt;
&lt;prop.pair&gt;
&lt;key&gt;DialogID&lt;/key&gt;
&lt;ustring&gt;UserInterface_GetInputNameDialog&lt;/ustring&gt;
&lt;/prop.pair&gt;
&lt;prop.pair&gt;
&lt;key&gt;Position&lt;/key&gt;
&lt;array&gt;
&lt;array.type&gt;&lt;int type=&apos;signed&apos; size=&apos;32&apos;/&gt;&lt;/array.type&gt;
&lt;int type=&apos;signed&apos; size=&apos;32&apos;&gt;541&lt;/int&gt;
&lt;int type=&apos;signed&apos; size=&apos;32&apos;&gt;362&lt;/int&gt;
&lt;int type=&apos;signed&apos; size=&apos;32&apos;&gt;0&lt;/int&gt;
&lt;int type=&apos;signed&apos; size=&apos;32&apos;&gt;0&lt;/int&gt;
&lt;/array&gt;
&lt;/prop.pair&gt;
&lt;/prop.list&gt;
</string>
</prop.pair>
<prop.pair>
<key>VectorizeToolUIWarning_VectorizeToolUIWarningDialog</key>
<string>&lt;prop.list&gt;
&lt;prop.pair&gt;
&lt;key&gt;DialogID&lt;/key&gt;
&lt;ustring&gt;VectorizeToolUIWarning_VectorizeToolUIWarningDialog&lt;/ustring&gt;
&lt;/prop.pair&gt;
&lt;prop.pair&gt;
&lt;key&gt;Position&lt;/key&gt;
&lt;array&gt;
&lt;array.type&gt;&lt;int type=&apos;signed&apos; size=&apos;32&apos;/&gt;&lt;/array.type&gt;
&lt;int type=&apos;signed&apos; size=&apos;32&apos;&gt;467&lt;/int&gt;
&lt;int type=&apos;signed&apos; size=&apos;32&apos;&gt;351&lt;/int&gt;
&lt;int type=&apos;signed&apos; size=&apos;32&apos;&gt;0&lt;/int&gt;
&lt;int type=&apos;signed&apos; size=&apos;32&apos;&gt;0&lt;/int&gt;
&lt;/array&gt;
&lt;/prop.pair&gt;
&lt;/prop.list&gt;
</string>
</prop.pair>
</prop.list>
</prop.pair>
<prop.pair>
<key>MonitorInfo</key>
<prop.list>
<prop.pair>
<key>Monitor-0</key>
<array>
<array.type><int type='signed' size='32'/></array.type>
<int type='signed' size='32'>0</int>
<int type='signed' size='32'>23</int>
<int type='signed' size='32'>1680</int>
<int type='signed' size='32'>969</int>
</array>
</prop.pair>
<prop.pair>
<key>NumMonitors</key>
<int type='unsigned' size='32'>1</int>
</prop.pair>
</prop.list>
</prop.pair>
</prop.list>
</prop.map>
